feature,score
CNT,1.3524237513759942
STD,0.876128009691827
KTS,0.6887407686728388
SM,0.5667299225153202
SKEN,0.5474453302762889
ENT,0.492333485974299
VAR,0.4028969686236682
RMS,0.23255862280811387
EG,0.22512256282816398
CRL,0.21932674577102773
HGN,0.1610458388937468
MN,0.0
IDM,0.0
